{
  "removed_indices": [
    30,
    70,
    72,
    73,
    294,
    298,
    336,
    341,
    349,
    583,
    938,
    946,
    1184,
    1185,
    1232
  ],
  "removed_positions": [
    [
      8.1647955882364,
      12.289494968938202,
      9.560656628314284
    ],
    [
      4.72633167287646,
      2.99396391740706,
      18.52017405187216
    ],
    [
      3.152694240318051,
      0.06297800670564,
      20.192126160442367
    ],
    [
      0.4626218126921,
      11.50588845780738,
      20.88719501592032
    ],
    [
      1.17126842061849,
      11.02783055901228,
      34.90130564538737
    ],
    [
      0.4642714970812501,
      8.30100482580798,
      34.72696837392981
    ],
    [
      12.08838639076382,
      10.96922391593574,
      45.88924366164305
    ],
    [
      8.165539311949459,
      7.515935515514399,
      46.05438971863698
    ],
    [
      12.300783287628231,
      4.59486753630918,
      47.842530839170685
    ],
    [
      5.262448481411221,
      2.3095390980558,
      67.25294002688469
    ],
    [
      10.179612747789662,
      5.655810363520201,
      115.3370439212635
    ],
    [
      7.24853686692378,
      5.570434680628741,
      116.6103498045854
    ],
    [
      0.8433786251575602,
      2.15881479703344,
      137.04226974717258
    ],
    [
      5.724064094614522,
      11.044948663170242,
      136.89726567194577
    ],
    [
      3.76153310054271,
      11.81739126222174,
      149.05283780001574
    ]
  ],
  "n_removed": 15
}