{
  "removed_indices": [
    30,
    70,
    72,
    73,
    282,
    286,
    324,
    329,
    337,
    559,
    910,
    1136,
    1137,
    1184
  ],
  "removed_positions": [
    [
      8.2117617280116,
      12.338895405332343,
      9.536594138900044
    ],
    [
      4.71197821175965,
      3.204931960623121,
      18.49697766194869
    ],
    [
      3.8737167208205103,
      0.8982950888535,
      19.62924927824948
    ],
    [
      2.45457994931344,
      11.8927968556761,
      19.6104326863384
    ],
    [
      1.2473580644611202,
      10.716761787893464,
      35.181357945616845
    ],
    [
      2.4539006376131107,
      7.913364896312461,
      36.003254873604206
    ],
    [
      11.98825340686369,
      11.0191757740038,
      45.841799666659504
    ],
    [
      8.210763659427764,
      7.46654115320958,
      46.07717262000445
    ],
    [
      12.072036284297772,
      4.510799103075721,
      48.16048699919246
    ],
    [
      5.290062559200062,
      2.1046732698342,
      67.15992195939505
    ],
    [
      7.3545127953554,
      5.458401800393101,
      116.46282853825691
    ],
    [
      0.696678805143,
      2.2184851980135005,
      136.90418110901084
    ],
    [
      5.670071455454591,
      11.06024638916808,
      136.97680210410113
    ],
    [
      4.863506645911941,
      12.357023260817042,
      148.1723209175124
    ]
  ],
  "n_removed": 14
}