{
  "removed_indices": [
    9,
    72,
    76,
    78,
    328,
    344,
    581,
    626,
    886,
    917,
    924,
    934,
    1200,
    1489,
    1495,
    1499,
    1509,
    1518
  ],
  "removed_positions": [
    [
      1.3949579001512808,
      1.9138872230856552,
      5.232693718795884
    ],
    [
      -2.9635750034524184,
      7.824867975060052,
      26.26825726386689
    ],
    [
      4.547554682023421,
      10.429131436070328,
      27.735135631722272
    ],
    [
      -0.3665579702432599,
      9.15312567275394,
      27.886509125467363
    ],
    [
      13.915700061586834,
      1.1542295317353988,
      15.866073721223325
    ],
    [
      14.47081184604826,
      10.227311793360489,
      20.637074571955086
    ],
    [
      1.7067955297567403,
      3.901074672753946,
      44.13226956499249
    ],
    [
      7.531391424130427,
      4.658388173442643,
      58.43479341492333
    ],
    [
      11.21042507717487,
      10.096397589403681,
      48.90241870051008
    ],
    [
      19.368371206919647,
      7.651397561194147,
      59.61011057801734
    ],
    [
      12.334424297538511,
      9.99060874244641,
      62.291110771536886
    ],
    [
      10.131295796774399,
      9.38468962665399,
      65.2949404707577
    ],
    [
      0.7366780802964766,
      5.266602235833907,
      98.38900712148768
    ],
    [
      19.7460104173066,
      0.005760560988764413,
      98.35610449385106
    ],
    [
      8.787384614294082,
      10.166769376579733,
      100.69165700159041
    ],
    [
      15.337896723714183,
      5.839489202361978,
      102.29127625978758
    ],
    [
      12.067508081381796,
      4.55769809630741,
      106.02321857142701
    ],
    [
      10.92641902975674,
      9.15312567275394,
      107.90861912546737
    ]
  ],
  "n_removed": 18
}