{
  "removed_indices": [
    30,
    70,
    72,
    73,
    294,
    298,
    336,
    341,
    349,
    583,
    938,
    946,
    1184,
    1185,
    1232
  ],
  "removed_positions": [
    [
      2.4036096620351426,
      5.246712775259658,
      11.7838126124195
    ],
    [
      6.636045231223107,
      2.0652104998688485,
      25.332328222281582
    ],
    [
      6.780947480593001,
      4.63300155330068,
      25.387336862572383
    ],
    [
      -0.05036261480834445,
      4.260078802596693,
      25.94196024411022
    ],
    [
      1.531568071382731,
      5.897155275405403,
      44.27465507452739
    ],
    [
      2.4460137652632423,
      10.345645449682744,
      45.9845339538211
    ],
    [
      5.914340879512384,
      5.016568857511277,
      58.15394200062624
    ],
    [
      6.448492696312875,
      2.3295084118224145,
      60.24180598991283
    ],
    [
      6.935613893328722,
      0.3975742823713742,
      62.09836135795721
    ],
    [
      -2.1420383180668203,
      10.703051896678671,
      85.50918606012296
    ],
    [
      8.97607276921369,
      3.4154227744095653,
      147.63985983491483
    ],
    [
      2.227215654550209,
      0.08177750569594804,
      150.5054907222015
    ],
    [
      4.220375238828562,
      3.643314327218517,
      174.2747363314708
    ],
    [
      -0.15552353189712378,
      5.597079631059402,
      174.23086740619078
    ],
    [
      5.270604748298473,
      8.01882927012158,
      190.24254278604465
    ]
  ],
  "n_removed": 15
}