{
  "removed_indices": [
    9,
    33,
    56,
    262,
    274,
    283,
    284,
    316,
    589,
    590,
    836,
    850,
    1089,
    1121
  ],
  "removed_positions": [
    [
      7.563582211517805,
      5.507343747925674,
      6.58754613002325
    ],
    [
      4.574276334002583,
      2.45176507496178,
      14.977027332252646
    ],
    [
      0.7946166834516722,
      5.257899056141383,
      23.145522276279898
    ],
    [
      7.254076161838622,
      0.17568173627610725,
      27.552471110240297
    ],
    [
      -1.6915746002608782,
      5.914824650151299,
      45.03298455229525
    ],
    [
      1.7663448991366,
      4.442509104492419,
      48.9893308853984
    ],
    [
      2.844554770285886,
      0.023724774870041807,
      49.07247985934665
    ],
    [
      0.05696982361181888,
      8.561167500567631,
      59.12383383475975
    ],
    [
      4.450581055535933,
      9.308028690737393,
      100.65001146107775
    ],
    [
      6.547460157194293,
      4.136332177944377,
      100.62163602098231
    ],
    [
      -0.6552551893688009,
      7.308450816461752,
      132.95607638281362
    ],
    [
      8.861658467225952,
      4.6941880187731275,
      137.63257529309297
    ],
    [
      7.563582211517805,
      5.507343747925674,
      166.63176613002324
    ],
    [
      5.543201865247234,
      9.959677444064187,
      178.3478940802181
    ]
  ],
  "n_removed": 14
}