{
  "removed_indices": [
    9,
    72,
    76,
    78,
    328,
    344,
    581,
    626,
    886,
    917,
    924,
    934,
    1200,
    1489,
    1495,
    1499,
    1509,
    1518
  ],
  "removed_positions": [
    [
      10.179021224453821,
      0.94609922816526,
      3.896406671463241
    ],
    [
      3.152694240318051,
      0.06297800670564,
      20.192126160442367
    ],
    [
      5.2621313761177815,
      4.293159465014161,
      20.16933498930376
    ],
    [
      11.803288658789642,
      2.05801752954018,
      20.17993810815208
    ],
    [
      17.517234731499173,
      9.904402782693902,
      11.904046085250803
    ],
    [
      24.03231937809906,
      12.28590293737794,
      16.133472622899
    ],
    [
      11.80366725405184,
      4.54368607129008,
      35.43281178697275
    ],
    [
      5.72433762333919,
      8.76237469237806,
      45.94454743793992
    ],
    [
      25.00399834761904,
      2.0094955913252996,
      39.5773421265755
    ],
    [
      20.87007831194946,
      7.515935515514399,
      46.05438971863696
    ],
    [
      19.73401658276238,
      8.736771745667163,
      48.20897902863139
    ],
    [
      17.43087067287646,
      2.99396391740706,
      50.32698605187215
    ],
    [
      12.08838639076382,
      10.96922391593574,
      77.69605566164303
    ],
    [
      19.776679568132895,
      2.23376958742392,
      77.65967312166872
    ],
    [
      17.279818023709726,
      0.9064199755915199,
      77.83303774081531
    ],
    [
      17.27242093292236,
      7.5760185584319615,
      79.94518626735378
    ],
    [
      20.74176767691045,
      9.86970296290836,
      82.22757725637294
    ],
    [
      24.50782765878965,
      2.05801752954018,
      83.79356210815207
    ]
  ],
  "n_removed": 18
}