{
  "removed_indices": [
    9,
    72,
    76,
    78,
    328,
    344,
    581,
    626,
    886,
    917,
    924,
    934,
    1200,
    1489,
    1495,
    1499,
    1509,
    1518
  ],
  "removed_positions": [
    [
      2.6085596334744054,
      7.531071688238691,
      5.330853177799018
    ],
    [
      6.780947480593001,
      4.63300155330068,
      25.387336862572365
    ],
    [
      -2.2562857871318127,
      10.663101209637693,
      26.622759947223717
    ],
    [
      -0.4659560827391081,
      5.703278129095763,
      28.056758800963657
    ],
    [
      18.541726633147324,
      5.605377761295222,
      15.4600521017375
    ],
    [
      9.952350011361688,
      6.335920357851706,
      20.586182009614483
    ],
    [
      3.90686779267839,
      10.712603423813011,
      44.269063972696415
    ],
    [
      7.510081083054319,
      0.05568970973638848,
      59.55843835365759
    ],
    [
      11.655214158386869,
      5.224061750744656,
      50.35280228975755
    ],
    [
      17.741469696312876,
      2.3295084118224145,
      60.241805989912784
    ],
    [
      19.091014107602604,
      9.252526518871742,
      61.98729966586613
    ],
    [
      17.929022231223108,
      2.0652104998688485,
      65.79771022228154
    ],
    [
      5.914340879512384,
      5.016568857511277,
      98.61932400062616
    ],
    [
      11.561111276769534,
      6.754037279750072,
      99.5929332311608
    ],
    [
      12.12973356326004,
      4.717870128578662,
      100.9819993247279
    ],
    [
      18.898825314039833,
      6.727544968688908,
      102.37347998763899
    ],
    [
      12.667349315491505,
      5.882605801356243,
      105.49286321564038
    ],
    [
      10.827020917260894,
      5.703278129095763,
      108.98752280096359
    ]
  ],
  "n_removed": 18
}