{
  "removed_indices": [
    54,
    63,
    81,
    294,
    313,
    359,
    362,
    607,
    619,
    629,
    876,
    887,
    911,
    922,
    946,
    1170,
    1176,
    1177,
    1178,
    1501,
    1768,
    2030,
    2039,
    2067
  ],
  "removed_positions": [
    [
      1.7487632774493003,
      12.258742779028982,
      14.25353386225209
    ],
    [
      5.64256003034087,
      2.19452964996252,
      16.22964783454776
    ],
    [
      1.0421725180238903,
      0.7848660923922001,
      21.32735708253166
    ],
    [
      1.17126842061849,
      24.23237255901228,
      3.0944936453873626
    ],
    [
      2.06363333429764,
      14.06137046947464,
      7.511958238762125
    ],
    [
      1.6980186807301099,
      23.21724804004164,
      18.545935979251578
    ],
    [
      10.179612747789662,
      18.8603523635202,
      19.91660792126348
    ],
    [
      23.576252218213234,
      0.88145850553098,
      9.563828085538809
    ],
    [
      20.680973535751484,
      3.3014650853683203,
      11.902890225702729
    ],
    [
      20.87007831194946,
      7.515935515514399,
      14.247577718636968
    ],
    [
      23.88352762869276,
      16.249621227670744,
      5.4969874745866445
    ],
    [
      19.733921044629106,
      24.27454680979692,
      7.405470940594845
    ],
    [
      15.168838683920784,
      14.336458316143082,
      12.908595221488765
    ],
    [
      14.769640470824482,
      18.952831297735145,
      16.29518895135498
    ],
    [
      19.953075866923783,
      18.774976680628747,
      21.18991380458536
    ],
    [
      10.32239537729435,
      5.453474129409542,
      38.24784601110635
    ],
    [
      4.5680338792088016,
      12.22942499851722,
      39.282067086122865
    ],
    [
      2.06363333429764,
      0.8568284694746402,
      39.31877023876214
    ],
    [
      7.80948482397943,
      5.644467529896782,
      39.426588333943506
    ],
    [
      12.300783287628231,
      17.79940953630918,
      47.8425308391707
    ],
    [
      17.517234731499173,
      9.904402782693902,
      43.71085808525083
    ],
    [
      17.43161033113704,
      16.81224576706896,
      37.095198632970224
    ],
    [
      19.733921044629106,
      24.27454680979692,
      39.21228294059485
    ],
    [
      13.547557959658473,
      17.648025668413922,
      45.79750899901763
    ]
  ],
  "n_removed": 24
}