{
  "removed_indices": [
    9,
    30,
    55,
    263,
    267,
    283,
    552,
    838,
    847,
    851,
    868,
    1135,
    1344,
    1349,
    1364,
    1383,
    1392
  ],
  "removed_positions": [
    [
      7.563582211517805,
      5.507343747925674,
      6.587546130023248
    ],
    [
      -0.10326303557124053,
      9.95961652027256,
      13.703997595870396
    ],
    [
      1.8594034148178358,
      0.9145347041184445,
      23.12224104370705
    ],
    [
      7.891374908427251,
      3.6888210883477073,
      28.3222542002596
    ],
    [
      1.9688417152586257,
      1.46974540198035,
      2.4037697583102
    ],
    [
      13.059321899136599,
      4.442509104492419,
      8.9782758853984
    ],
    [
      1.0110169966637486,
      10.027740033496416,
      48.1628689350872
    ],
    [
      19.788375519892696,
      0.024954280009701596,
      53.63858706854935
    ],
    [
      15.273964218499046,
      0.26579212069331426,
      56.16822040279413
    ],
    [
      16.836178865247234,
      9.959677444064187,
      58.31472908021808
    ],
    [
      18.70570647682377,
      4.442304064421286,
      63.040497603624445
    ],
    [
      1.8594034148178358,
      0.9145347041184445,
      103.14435104370705
    ],
    [
      7.615348054858623,
      1.4695717691742112,
      109.6260671330342
    ],
    [
      1.6076043405156328,
      0.17576335314868446,
      84.47736298033024
    ],
    [
      14.137531770285884,
      0.023724774870041807,
      89.0835348593466
    ],
    [
      15.867253334002584,
      2.45176507496178,
      94.99913733225264
    ],
    [
      17.708891927481965,
      5.274958873248371,
      98.34348817183445
    ]
  ],
  "n_removed": 17
}