{
  "removed_indices": [
    30,
    70,
    72,
    73,
    294,
    298,
    336,
    341,
    349,
    583,
    938,
    946,
    1184,
    1185,
    1232
  ],
  "removed_positions": [
    [
      10.148747706919643,
      2.3993465611941502,
      12.408668112442527
    ],
    [
      -1.1616812032256016,
      9.38468962665399,
      25.283885470757692
    ],
    [
      -2.9635750034524184,
      7.824867975060052,
      26.26825726386689
    ],
    [
      5.800925528986794,
      8.413628270612032,
      26.68251362736646
    ],
    [
      -1.653628333817118,
      10.375395046086886,
      43.78344037209486
    ],
    [
      7.874279028986795,
      3.1615772706120304,
      45.336265063093414
    ],
    [
      0.7366780802964766,
      5.266602235833907,
      58.377952121487674
    ],
    [
      8.075394206919643,
      7.651397561194147,
      59.61011057801734
    ],
    [
      1.9908015771748713,
      4.84434658940368,
      63.12741498995006
    ],
    [
      6.620915328293402,
      5.177090940172305,
      84.29469805873786
    ],
    [
      -0.678395599848719,
      7.165938223085651,
      146.80819497166402
    ],
    [
      9.127614507540239,
      0.9672873641628885,
      149.79224787159433
    ],
    [
      8.823539646741144,
      4.685005863949053,
      172.97706238526172
    ],
    [
      5.458037924130425,
      9.910439173442647,
      173.6282052755368
    ],
    [
      6.536508471613582,
      0.49713434706933823,
      188.21963391190766
    ]
  ],
  "n_removed": 15
}