{
  "removed_indices": [
    54,
    63,
    81,
    294,
    313,
    359,
    362,
    607,
    619,
    629,
    876,
    887,
    911,
    922,
    946,
    1170,
    1176,
    1177,
    1178,
    1501,
    1768,
    2030,
    2039,
    2067
  ],
  "removed_positions": [
    [
      1.8732383395534928,
      5.526732694595833,
      20.607720618598336
    ],
    [
      6.356444089128751,
      5.267449381686029,
      23.072807900413096
    ],
    [
      4.322042942021871,
      0.6719052989865429,
      29.02994526394936
    ],
    [
      -5.80033533381712,
      20.879497046086886,
      3.772385372094857
    ],
    [
      0.448965226396954,
      13.122097478348122,
      10.402784012529416
    ],
    [
      4.041155302802576,
      11.608111131567805,
      25.5341335374701
    ],
    [
      -4.825102599848721,
      17.67004022308565,
      26.775029971664
    ],
    [
      11.794853889719528,
      0.5516600751205329,
      12.888555904973883
    ],
    [
      11.842346561586835,
      6.406280531735395,
      16.141649969236546
    ],
    [
      19.368371206919647,
      7.651397561194147,
      19.599055578017346
    ],
    [
      13.260778802802609,
      16.860162131567726,
      6.473590152990044
    ],
    [
      10.261070797538506,
      15.24265974244641,
      9.727667918922956
    ],
    [
      8.992935417023968,
      11.430607444224615,
      18.31937393744492
    ],
    [
      9.668588726396953,
      18.37414847834812,
      21.604939677930748
    ],
    [
      16.273884507540238,
      11.471389364162889,
      29.75908287159432
    ],
    [
      -1.1681919013228388,
      8.243224760787841,
      47.92166420793783
    ],
    [
      6.118277370421202,
      0.5874276982599343,
      49.749612430671945
    ],
    [
      4.595672226396956,
      2.6179954783481225,
      50.413839012529415
    ],
    [
      9.570212184165078,
      0.24698835354627027,
      51.16406503053757
    ],
    [
      -2.1559054228251306,
      15.34844858940368,
      63.12741498995006
    ],
    [
      13.915700061586834,
      1.1542295317353988,
      55.87712872122332
    ],
    [
      5.847447581381789,
      20.313851096307406,
      46.01763010797791
    ],
    [
      10.261070797538506,
      15.24265974244641,
      49.73872291892295
    ],
    [
      13.896456146741205,
      20.441158863948896,
      59.085936305198416
    ]
  ],
  "n_removed": 24
}