{
  "removed_indices": [
    10,
    31,
    69,
    280,
    538,
    554,
    611,
    808,
    817,
    831,
    835,
    845,
    861,
    1117,
    1367,
    1378,
    1386,
    1663,
    1665,
    1681,
    1900,
    1927
  ],
  "removed_positions": [
    [
      2.408822166002977,
      7.706506808122566,
      7.8548718904047
    ],
    [
      3.2152963290921766,
      4.694246106457214,
      14.40829019095515
    ],
    [
      2.0427490387994585,
      4.923855167138734,
      27.96656112274675
    ],
    [
      -1.7378848350349239,
      18.210608812905047,
      7.8548718904047
    ],
    [
      -1.9016104541092724,
      14.193058175881971,
      3.68550670048155
    ],
    [
      14.137531770285884,
      0.023724774870041807,
      9.06142485934665
    ],
    [
      17.802547046060404,
      5.395330315049116,
      27.5868966219623
    ],
    [
      13.538073546928628,
      3.6889561710994894,
      3.68550670048155
    ],
    [
      4.768605805620564,
      20.76029963929865,
      6.857036589870249
    ],
    [
      8.04714568828843,
      14.64037462446849,
      11.40800521630315
    ],
    [
      12.849774572960543,
      19.065352592796966,
      12.89484722872605
    ],
    [
      12.43706328353138,
      15.448004040515302,
      15.9788861444779
    ],
    [
      7.723525974457858,
      16.8854847276547,
      20.884958885694047
    ],
    [
      3.980987218499047,
      0.26579212069331426,
      56.16822040279415
    ],
    [
      -2.673037743298378,
      12.535266028909565,
      49.765721801150946
    ],
    [
      4.348691518854795,
      10.529056284792183,
      53.63858706854935
    ],
    [
      -4.502413785258244,
      15.447813075940857,
      56.03985613592205
    ],
    [
      14.141918031229283,
      0.024853125507395536,
      58.391161398363494
    ],
    [
      16.28414262593076,
      7.308461215522737,
      59.0958024897373
    ],
    [
      19.348382887806768,
      7.70651447611703,
      64.1638027713123
    ],
    [
      9.555092164965075,
      18.210608812905047,
      47.8659268904047
    ],
    [
      11.127257217461144,
      10.769894125475792,
      56.16822040279415
    ]
  ],
  "n_removed": 22
}