{
  "removed_indices": [
    54,
    63,
    81,
    294,
    313,
    359,
    362,
    607,
    619,
    629,
    876,
    887,
    911,
    922,
    946,
    1170,
    1176,
    1177,
    1178,
    1501,
    1768,
    2030,
    2039,
    2067
  ],
  "removed_positions": [
    [
      6.487052352617482,
      4.85984710890304,
      20.15075588521876
    ],
    [
      0.9016122372602078,
      0.5344232624617158,
      22.9153475462282
    ],
    [
      -1.5073610722422046,
      8.21796554126387,
      28.527934471741098
    ],
    [
      -2.0415669296274075,
      16.609949279823752,
      3.80927307452738
    ],
    [
      -4.290793622100779,
      18.323342518712604,
      10.46208131915418
    ],
    [
      -2.8754397251584285,
      12.752291013350153,
      25.297309885352597
    ],
    [
      5.402937768203551,
      14.128216778827916,
      26.24371383491478
    ],
    [
      15.337736146282257,
      1.159831462810297,
      12.31567097935178
    ],
    [
      16.48079748490965,
      7.077658359782506,
      16.00565817755046
    ],
    [
      17.741469696312876,
      2.3295084118224145,
      19.776423989912818
    ],
    [
      11.042325464954805,
      10.738419221932798,
      6.33482034721766
    ],
    [
      4.835640289303788,
      19.44723234338219,
      9.9300671605012
    ],
    [
      9.872024465761708,
      11.969831860233581,
      17.0805631848842
    ],
    [
      17.257022835522747,
      10.856623655337849,
      20.986903808445536
    ],
    [
      9.947057653540071,
      10.794571510114297,
      29.10934472220148
    ],
    [
      9.228310110765653,
      2.7722923989394754,
      48.31408431621762
    ],
    [
      6.113496173317345,
      7.811787385515787,
      50.49877670413056
    ],
    [
      -0.7176586210906397,
      7.6105485142942495,
      50.92746331915418
    ],
    [
      -0.6008380747448776,
      10.069255471496689,
      51.521942674039096
    ],
    [
      3.362478892318583,
      11.110368286789724,
      62.098361357957195
    ],
    [
      18.541726633147324,
      5.605377761295222,
      55.925434101737494
    ],
    [
      14.939956071663486,
      12.266311648144061,
      47.30812301277402
    ],
    [
      4.835640289303788,
      19.44723234338219,
      50.3954491605012
    ],
    [
      12.027762104889822,
      14.295871790741181,
      59.52154201835
    ]
  ],
  "n_removed": 24
}