{
  "removed_indices": [
    54,
    63,
    81,
    282,
    301,
    347,
    350,
    583,
    595,
    605,
    840,
    851,
    875,
    886,
    1122,
    1128,
    1129,
    1130,
    1441,
    1696,
    1946,
    1955,
    1983
  ],
  "removed_positions": [
    [
      1.666276517084,
      12.304117678749002,
      14.268216840875649
    ],
    [
      5.689781023168411,
      2.1361853811355207,
      16.36070748532566
    ],
    [
      2.0510738811330205,
      1.43669761254318,
      21.16194353024882
    ],
    [
      1.2473580644611202,
      23.921303787893464,
      3.37454594561684
    ],
    [
      1.90189769237658,
      14.089751519776922,
      7.547025248992125
    ],
    [
      1.6739509479577301,
      23.148396388963565,
      18.384203111253377
    ],
    [
      10.180172382732614,
      18.9626822822034,
      20.03198522338476
    ],
    [
      23.668286566682422,
      0.8939675643038402,
      9.55365499478872
    ],
    [
      20.658464904005182,
      3.2996810196987005,
      11.90328844698896
    ],
    [
      20.915302659427763,
      7.46654115320958,
      14.27036062000445
    ],
    [
      23.777379045576133,
      16.3789033331664,
      5.216418949798404
    ],
    [
      19.73797036234457,
      24.249145364396938,
      7.546851583798604
    ],
    [
      15.15603835269672,
      14.39674061559942,
      13.00988878532457
    ],
    [
      14.60486412453916,
      18.92154339955698,
      16.260774934975338
    ],
    [
      10.411779050746583,
      5.30872646818722,
      37.992099840471
    ],
    [
      4.55962067939222,
      12.39139719250602,
      39.49501655507592
    ],
    [
      1.90189769237658,
      0.8852095197769202,
      39.35383724899212
    ],
    [
      8.17680684054317,
      5.647100647617,
      39.37878778459741
    ],
    [
      12.072036284297772,
      17.715341103075723,
      48.16048699919247
    ],
    [
      17.46852679942707,
      9.9031523125665,
      43.70997321974097
    ],
    [
      17.415971424764216,
      16.60354705644102,
      37.11677573809478
    ],
    [
      19.73797036234457,
      24.249145364396938,
      39.3536635837986
    ],
    [
      13.399728706126814,
      17.58915004881684,
      45.93792621388591
    ]
  ],
  "n_removed": 23
}