{
  "removed_indices": [
    9,
    72,
    76,
    78,
    316,
    332,
    557,
    602,
    850,
    881,
    888,
    898,
    1429,
    1435,
    1439,
    1449,
    1458
  ],
  "removed_positions": [
    [
      10.17864250214623,
      0.84558334946202,
      3.774071629216961
    ],
    [
      3.8737167208205103,
      0.8982950888535,
      19.62924927824948
    ],
    [
      5.29195667891957,
      4.498375741780441,
      20.260866724468645
    ],
    [
      11.74166109987227,
      2.0894711447204406,
      20.49625367281088
    ],
    [
      17.46852679942707,
      9.9031523125665,
      11.903161219740964
    ],
    [
      24.023831221502387,
      12.36082247164128,
      16.149989900370596
    ],
    [
      11.74070673490259,
      4.512516617853661,
      35.11642624732755
    ],
    [
      5.669170830684882,
      8.7464865913074,
      45.86334878178948
    ],
    [
      24.778464322201685,
      2.090906214345,
      39.26216047476452
    ],
    [
      20.915302659427763,
      7.46654115320958,
      46.07717262000443
    ],
    [
      19.73696860944442,
      8.760981217060804,
      48.06433882333388
    ],
    [
      17.41651721175965,
      3.204931960623121,
      50.30378966194867
    ],
    [
      19.783379179729156,
      2.2709349592917,
      77.72089582761066
    ],
    [
      17.535516563120172,
      0.92332350594198,
      77.86920463060427
    ],
    [
      17.260868187428102,
      7.415336316151141,
      79.73302942415575
    ],
    [
      20.730894243116524,
      9.920845078392304,
      81.94623169116755
    ],
    [
      24.44620009987227,
      2.0894711447204406,
      84.10987767281088
    ]
  ],
  "n_removed": 17
}